round,model,runtime,policy,stream,audioMs,closures,constantWindows,decodeCalls,dropped,dropPct,attemptedCoveragePct,coveragePct,speechCoveragePct,decodeErrors,timingsComplete,timingsInvalidReason,decodeP50Ms,decodeP95Ms,decodeMaxMs,latencyAvgMs,latencyMaxMs,delivered,wer,cer,rejectedLanguage,rejectedEmpty,rejectedStructure,rejectedHallucination,deliveryDiscarded,stopDrainMs,lateChunks
0,whisper-medium-es,threads=4;provider=cpu;tail=default,ref-6-3,stream-es,70100,24,0,9,15,62.5,70.9592641261498,70.9592641261498,77.77069021916913,0,true,,6528,15951,15951,7471,15957,8,0.25663716814159293,0.21745350500715308,1,0,0,0,0,695,0
0,whisper-medium-es,threads=4;provider=cpu;tail=default,ref-6-3,stream-ca,79883,27,0,6,21,77.77777777777777,41.933605125218406,41.933605125218406,43.919449901768175,0,true,,12200,15631,15631,13464,15635,5,0.5447761194029851,0.49558638083228246,1,0,0,0,0,599,0
0,whisper-medium-es,threads=4;provider=cpu;tail=default,ref-6-3,stream-level-es,34700,12,0,4,8,66.66666666666667,58.96805896805897,58.96805896805897,65.2943189596167,0,true,,5283,11703,11703,9238,11706,3,0.546875,0.5081081081081081,1,0,0,0,0,626,0
0,whisper-medium-es,threads=4;provider=cpu;tail=default,ref-6-3,stream-mixed-es-ca,54103,19,0,5,14,73.6842105263158,49.91680532445923,49.91680532445923,52.94396551724138,0,true,,11560,14905,14905,13200,14910,4,0.56,0.45394736842105265,1,0,0,0,0,642,0
1,whisper-medium-es,threads=1;provider=cpu;tail=default,ref-6-3,stream-es,70100,24,0,7,17,70.83333333333333,55.19053876478318,55.19053876478318,58.979391560353285,0,true,,8996,13816,13816,9781,13826,6,0.36283185840707965,0.34048640915593703,1,0,0,0,0,370,0
1,whisper-medium-es,threads=1;provider=cpu;tail=default,ref-6-3,stream-ca,79883,27,0,7,20,74.07407407407408,48.92253931275481,48.92253931275481,49.595846197024976,0,true,,9441,15109,15109,10755,15115,5,0.6492537313432836,0.6418663303909206,2,0,0,0,0,414,0
1,whisper-medium-es,threads=1;provider=cpu;tail=default,ref-6-3,stream-level-es,34700,12,0,3,9,75.0,44.22604422604422,44.22604422604422,46.20123203285421,0,true,,14390,16235,16235,15318,16240,2,0.578125,0.5837837837837838,1,0,0,0,0,596,0
1,whisper-medium-es,threads=1;provider=cpu;tail=default,ref-6-3,stream-mixed-es-ca,54103,19,0,5,14,73.6842105263158,49.91680532445923,49.91680532445923,43.82327586206897,0,true,,7308,16297,16297,12470,16301,3,0.71,0.7105263157894737,2,0,0,0,0,358,0
2,whisper-medium-es,threads=1;provider=cpu;tail=default,ref-6-3,stream-es,70100,24,0,9,15,62.5,70.9592641261498,70.9592641261498,75.35492312724894,0,true,,7013,12830,12830,7947,12832,8,0.34513274336283184,0.3319027181688126,1,0,0,0,0,411,0
2,whisper-medium-es,threads=1;provider=cpu;tail=default,ref-6-3,stream-ca,79883,27,0,7,20,74.07407407407408,48.92253931275481,48.92253931275481,49.54111703620544,0,true,,9165,14372,14372,10410,14386,6,0.5970149253731343,0.5372005044136192,1,0,0,0,0,402,0
2,whisper-medium-es,threads=1;provider=cpu;tail=default,ref-6-3,stream-level-es,34700,12,0,3,9,75.0,44.22604422604422,44.22604422604422,46.20123203285421,0,true,,13840,15409,15409,14627,15412,2,0.578125,0.5837837837837838,1,0,0,0,0,586,0
2,whisper-medium-es,threads=1;provider=cpu;tail=default,ref-6-3,stream-mixed-es-ca,54103,19,0,5,14,73.6842105263158,49.91680532445923,49.91680532445923,51.5323275862069,0,true,,9537,13781,13781,10384,13794,4,0.48,0.48355263157894735,1,0,0,0,0,423,0
3,whisper-medium-es,threads=4;provider=cpu;tail=default,ref-6-3,stream-es,70100,24,0,9,15,62.5,70.9592641261498,70.9592641261498,77.77069021916913,0,true,,6128,14749,14749,6915,14753,8,0.25663716814159293,0.21745350500715308,1,0,0,0,0,664,0
3,whisper-medium-es,threads=4;provider=cpu;tail=default,ref-6-3,stream-ca,79883,27,0,7,20,74.07407407407408,48.92253931275481,48.92253931275481,49.640752175133315,0,true,,11667,14858,14858,11539,14861,6,0.5447761194029851,0.5056746532156369,1,0,0,0,0,663,0
3,whisper-medium-es,threads=4;provider=cpu;tail=default,ref-6-3,stream-level-es,34700,12,0,4,8,66.66666666666667,58.96805896805897,58.96805896805897,65.2943189596167,0,true,,5271,11777,11777,8717,11780,3,0.546875,0.5081081081081081,1,0,0,0,0,654,0
3,whisper-medium-es,threads=4;provider=cpu;tail=default,ref-6-3,stream-mixed-es-ca,54103,19,0,5,14,73.6842105263158,49.91680532445923,49.91680532445923,52.94396551724138,0,true,,11032,14478,14478,12605,14482,4,0.56,0.45394736842105265,1,0,0,0,0,669,0
