model,threads,tailPaddingFrames,conditioning,fixture,kind,language,refWords,wordErrors,insertions,deletions,refChars,charErrors,hypWordsUnfiltered,hypWordsDelivered,rejections,languages
whisper-base,4,0,on,es-fleurs-00,speech,es,9,2,0,0,43,5,9,9,NONE,es
whisper-base,4,0,on,es-fleurs-01,speech,es,26,2,0,0,145,2,26,26,NONE,es
whisper-base,4,0,on,es-fleurs-02,speech,es,11,2,1,0,77,5,12,12,NONE,es
whisper-base,4,0,on,es-fleurs-03,speech,es,31,3,1,0,206,7,32,32,NONE,es
whisper-base,4,0,on,es-fleurs-04,speech,es,9,2,1,0,63,3,10,10,NONE,es
whisper-base,4,0,on,es-fleurs-05,speech,es,27,6,3,0,160,23,30,30,NONE,es
whisper-base,4,0,on,es-fleurs-06,speech,es,32,14,0,5,180,20,27,27,NONE,es
whisper-base,4,0,on,es-fleurs-07,speech,es,32,6,0,1,189,11,31,31,NONE,es
whisper-base,4,0,on,ca-fleurs-00,speech,ca,19,5,1,0,121,11,20,20,NONE,ca
whisper-base,4,0,on,ca-fleurs-01,speech,ca,25,4,1,0,139,9,26,26,NONE,ca
whisper-base,4,0,on,ca-fleurs-02,speech,ca,21,1,0,0,103,2,21,21,NONE,ca
whisper-base,4,0,on,ca-fleurs-03,speech,ca,20,9,3,0,122,20,23,23,NONE,ca
whisper-base,4,0,on,ca-fleurs-04,speech,ca,22,3,0,0,166,5,22,22,NONE,ca
whisper-base,4,0,on,ca-fleurs-05,speech,ca,27,17,2,2,137,29,27,27,NONE,ca
whisper-base,4,0,on,ca-fleurs-06,speech,ca,23,4,0,0,159,10,23,23,NONE,ca
whisper-base,4,0,on,ca-fleurs-07,speech,ca,13,20,13,0,77,32,26,26,NONE,ca
whisper-base,4,0,on,silence-digital-10s,silence,,0,0,0,0,0,0,30,0,LANGUAGE,cy
whisper-base,4,0,on,noise-white-60dbfs-10s,noise,,0,0,0,0,0,0,1,0,LANGUAGE,nn
whisper-base,4,0,on,noise-pink-45dbfs-10s,noise,,0,0,0,0,0,0,3,0,LANGUAGE,nn
whisper-base,4,0,on,noise-hum-40dbfs-10s,noise,,0,0,0,0,0,0,2,0,LANGUAGE,nn
whisper-small,4,0,on,es-fleurs-00,speech,es,9,2,0,0,43,4,9,9,NONE,es
whisper-small,4,0,on,es-fleurs-01,speech,es,26,0,0,0,145,0,26,26,NONE,es
whisper-small,4,0,on,es-fleurs-02,speech,es,11,0,0,0,77,0,11,11,NONE,es
whisper-small,4,0,on,es-fleurs-03,speech,es,31,1,0,0,206,5,31,31,NONE,es
whisper-small,4,0,on,es-fleurs-04,speech,es,9,1,0,0,63,1,9,9,NONE,es
whisper-small,4,0,on,es-fleurs-05,speech,es,27,5,2,1,160,13,28,28,NONE,es
whisper-small,4,0,on,es-fleurs-06,speech,es,32,6,1,2,180,6,31,31,NONE,es
whisper-small,4,0,on,es-fleurs-07,speech,es,32,3,0,1,189,8,31,31,NONE,es
whisper-small,4,0,on,ca-fleurs-00,speech,ca,19,3,1,0,121,4,20,20,NONE,ca
whisper-small,4,0,on,ca-fleurs-01,speech,ca,25,3,0,1,139,4,24,24,NONE,ca
whisper-small,4,0,on,ca-fleurs-02,speech,ca,21,1,0,0,103,3,21,21,NONE,ca
whisper-small,4,0,on,ca-fleurs-03,speech,ca,20,6,3,0,122,5,23,23,NONE,ca
whisper-small,4,0,on,ca-fleurs-04,speech,ca,22,1,0,0,166,2,22,22,NONE,ca
whisper-small,4,0,on,ca-fleurs-05,speech,ca,27,19,2,0,137,46,29,29,NONE,es
whisper-small,4,0,on,ca-fleurs-06,speech,ca,23,2,0,0,159,3,23,23,NONE,ca
whisper-small,4,0,on,ca-fleurs-07,speech,ca,13,8,0,1,77,11,12,12,NONE,es
whisper-small,4,0,on,silence-digital-10s,silence,,0,0,0,0,0,0,2,0,LANGUAGE,en
whisper-small,4,0,on,noise-white-60dbfs-10s,noise,,0,0,0,0,0,0,0,0,LANGUAGE,nn
whisper-small,4,0,on,noise-pink-45dbfs-10s,noise,,0,0,0,0,0,0,0,0,LANGUAGE,nn
whisper-small,4,0,on,noise-hum-40dbfs-10s,noise,,0,0,0,0,0,0,2,0,LANGUAGE,en
