elapsedMs,round,model,runtime,policy,thermalStatus,headroom10s,batteryTempC,batteryCurrentUa,batteryLevel,plugged,pssKb
0,0,whisper-base-es,threads=1;provider=cpu;tail=default,ref-6-3,1,0.7959313988685608,38.4,-16926,100,2,280583
10001,0,whisper-base-es,threads=1;provider=cpu;tail=default,ref-6-3,1,0.78083735704422,38.4,-6770,100,2,
20000,0,whisper-base-es,threads=1;provider=cpu;tail=default,ref-6-3,1,0.7842513918876648,37.2,-5468,100,2,
30000,0,whisper-base-es,threads=1;provider=cpu;tail=default,ref-6-3,1,0.7906234860420227,37.2,781,100,2,460398
40000,0,whisper-base-es,threads=1;provider=cpu;tail=default,ref-6-3,1,0.7910088896751404,37.2,-123437,100,2,
50000,0,whisper-base-es,threads=1;provider=cpu;tail=default,ref-6-3,1,0.7873004674911499,37.2,-2863,100,2,
60000,0,whisper-base-es,threads=1;provider=cpu;tail=default,ref-6-3,1,0.7851274013519287,37.2,-9895,100,2,459870
70000,0,whisper-base-es,threads=1;provider=cpu;tail=default,ref-6-3,1,0.7858905792236328,37.2,-104947,100,2,
80000,0,whisper-base-es,threads=1;provider=cpu;tail=default,ref-6-3,1,0.7876909971237183,37.2,2343,100,2,
90000,0,whisper-base-es,threads=1;provider=cpu;tail=default,ref-6-3,1,0.7892958521842957,37.2,2604,100,2,460130
100000,0,whisper-base-es,threads=1;provider=cpu;tail=default,ref-6-3,1,0.7904165983200073,37.2,-431250,100,2,
110000,0,whisper-base-es,threads=1;provider=cpu;tail=default,ref-6-3,1,0.7916642427444458,37.2,3125,100,2,
120000,0,whisper-base-es,threads=1;provider=cpu;tail=default,ref-6-3,1,0.7929532527923584,37.2,-11458,100,2,459614
130000,0,whisper-base-es,threads=1;provider=cpu;tail=default,ref-6-3,1,0.795171856880188,37.2,-91927,100,2,
140000,0,whisper-base-es,threads=1;provider=cpu;tail=default,ref-6-3,1,0.7956116795539856,37.2,4687,100,2,
150000,0,whisper-base-es,threads=1;provider=cpu;tail=default,ref-6-3,1,0.7962355017662048,37.2,-2082,100,2,466090
160000,0,whisper-base-es,threads=1;provider=cpu;tail=default,ref-6-3,1,0.796845018863678,37.2,-71875,100,2,
170001,0,whisper-base-es,threads=1;provider=cpu;tail=default,ref-6-3,1,0.7967157959938049,37.2,-10937,100,2,
180000,0,whisper-base-es,threads=1;provider=cpu;tail=default,ref-6-3,1,0.7969656586647034,37.2,-5208,100,2,457634
190000,0,whisper-base-es,threads=1;provider=cpu;tail=default,ref-6-3,1,0.798706591129303,37.2,-260,100,2,
200000,0,whisper-base-es,threads=1;provider=cpu;tail=default,ref-6-3,1,0.8077440857887268,37.2,3906,100,2,
210000,0,whisper-base-es,threads=1;provider=cpu;tail=default,ref-6-3,1,0.8148537874221802,37.2,7552,100,2,465062
220000,0,whisper-base-es,threads=1;provider=cpu;tail=default,ref-6-3,1,0.8152048587799072,37.2,4687,100,2,
230001,0,whisper-base-es,threads=1;provider=cpu;tail=default,ref-6-3,1,0.8129465579986572,37.2,521,100,2,
240000,0,whisper-base-es,threads=1;provider=cpu;tail=default,ref-6-3,1,0.811343789100647,37.2,1042,100,2,464165
250000,0,whisper-base-es,threads=1;provider=cpu;tail=default,ref-6-3,1,0.8110469579696655,37.2,11719,100,2,
260000,0,whisper-base-es,threads=1;provider=cpu;tail=default,ref-6-3,1,0.8109562993049622,37.2,1042,100,2,
270000,0,whisper-base-es,threads=1;provider=cpu;tail=default,ref-6-3,1,0.8099352717399597,37.2,-521,100,2,463889
280001,0,whisper-base-es,threads=1;provider=cpu;tail=default,ref-6-3,1,0.8082693815231323,37.2,1042,100,2,
290001,0,whisper-base-es,threads=1;provider=cpu;tail=default,ref-6-3,1,0.7962973117828369,37.2,-521,100,2,
300000,0,whisper-base-es,threads=1;provider=cpu;tail=default,ref-6-3,1,0.7932502627372742,37.2,10156,100,2,462698
0,1,whisper-base-es,threads=4;provider=cpu;tail=default,ref-6-3,1,0.781543493270874,37.2,781,100,2,283251
10000,1,whisper-base-es,threads=4;provider=cpu;tail=default,ref-6-3,1,0.7748236060142517,37.2,-2603,100,2,
20000,1,whisper-base-es,threads=4;provider=cpu;tail=default,ref-6-3,1,0.7720749974250793,37.2,-3125,100,2,
30000,1,whisper-base-es,threads=4;provider=cpu;tail=default,ref-6-3,1,0.7669427394866943,37.2,7812,100,2,463463
40000,1,whisper-base-es,threads=4;provider=cpu;tail=default,ref-6-3,1,0.7681536078453064,37.2,-1084635,100,2,
50000,1,whisper-base-es,threads=4;provider=cpu;tail=default,ref-6-3,1,0.7712914943695068,37.2,-7291,100,2,
60000,1,whisper-base-es,threads=4;provider=cpu;tail=default,ref-6-3,1,0.7726590633392334,37.2,-3906,100,2,468288
70000,1,whisper-base-es,threads=4;provider=cpu;tail=default,ref-6-3,1,0.7728554010391235,37.2,-1041,100,2,
80000,1,whisper-base-es,threads=4;provider=cpu;tail=default,ref-6-3,1,0.7740090489387512,37.2,11198,100,2,
90000,1,whisper-base-es,threads=4;provider=cpu;tail=default,ref-6-3,1,0.7750242948532104,37.2,-3905,100,2,466988
100000,1,whisper-base-es,threads=4;provider=cpu;tail=default,ref-6-3,1,0.7755733728408813,37.2,-2603,100,2,
110001,1,whisper-base-es,threads=4;provider=cpu;tail=default,ref-6-3,1,0.7783022522926331,37.2,-10677,100,2,
120000,1,whisper-base-es,threads=4;provider=cpu;tail=default,ref-6-3,1,0.7802554965019226,37.2,-2082,100,2,461160
130000,1,whisper-base-es,threads=4;provider=cpu;tail=default,ref-6-3,1,0.7811858057975769,37.2,260,100,2,
140000,1,whisper-base-es,threads=4;provider=cpu;tail=default,ref-6-3,1,0.7811969518661499,37.2,261,100,2,
150000,1,whisper-base-es,threads=4;provider=cpu;tail=default,ref-6-3,1,0.7794944643974304,37.2,-16145,100,2,468568
160000,1,whisper-base-es,threads=4;provider=cpu;tail=default,ref-6-3,1,0.7803986668586731,37.2,-7030,100,2,
170000,1,whisper-base-es,threads=4;provider=cpu;tail=default,ref-6-3,1,0.7836505770683289,37.2,0,100,2,
180000,1,whisper-base-es,threads=4;provider=cpu;tail=default,ref-6-3,1,0.7853444218635559,37.2,1042,100,2,467440
190000,1,whisper-base-es,threads=4;provider=cpu;tail=default,ref-6-3,1,0.7861296534538269,37.2,-520,100,2,
200000,1,whisper-base-es,threads=4;provider=cpu;tail=default,ref-6-3,1,0.7883299589157104,37.2,3646,100,2,
210000,1,whisper-base-es,threads=4;provider=cpu;tail=default,ref-6-3,1,0.7910354733467102,37.2,3124,100,2,460879
220000,1,whisper-base-es,threads=4;provider=cpu;tail=default,ref-6-3,1,0.7905418276786804,37.2,-2604,100,2,
230000,1,whisper-base-es,threads=4;provider=cpu;tail=default,ref-6-3,1,0.7904589176177979,37.2,-1562,100,2,
240000,1,whisper-base-es,threads=4;provider=cpu;tail=default,ref-6-3,1,0.7925806641578674,37.2,-3125,100,2,468191
250000,1,whisper-base-es,threads=4;provider=cpu;tail=default,ref-6-3,1,0.7957431674003601,37.2,-1823,100,2,
260000,1,whisper-base-es,threads=4;provider=cpu;tail=default,ref-6-3,1,0.796514630317688,37.2,3385,100,2,
270000,1,whisper-base-es,threads=4;provider=cpu;tail=default,ref-6-3,1,0.796078085899353,37.2,1041,100,2,461647
280000,1,whisper-base-es,threads=4;provider=cpu;tail=default,ref-6-3,1,0.7941077947616577,37.2,-1562,100,2,
290000,1,whisper-base-es,threads=4;provider=cpu;tail=default,ref-6-3,1,0.7945311069488525,37.2,5989,100,2,
300000,1,whisper-base-es,threads=4;provider=cpu;tail=default,ref-6-3,1,0.7960366606712341,37.2,-4687,100,2,468951
0,2,whisper-base-es,threads=4;provider=cpu;tail=default,ref-6-3,1,0.7753629088401794,37.2,6770,100,2,283579
10000,2,whisper-base-es,threads=4;provider=cpu;tail=default,ref-6-3,1,0.770840585231781,37.2,3645,100,2,
20001,2,whisper-base-es,threads=4;provider=cpu;tail=default,ref-6-3,1,0.7664910554885864,37.2,-6771,100,2,
30000,2,whisper-base-es,threads=4;provider=cpu;tail=default,ref-6-3,1,0.7619355320930481,37.2,11718,100,2,465233
40000,2,whisper-base-es,threads=4;provider=cpu;tail=default,ref-6-3,1,0.7601476311683655,37.2,3646,100,2,
50000,2,whisper-base-es,threads=4;provider=cpu;tail=default,ref-6-3,1,0.7642437219619751,37.2,-8332,100,2,
60000,2,whisper-base-es,threads=4;provider=cpu;tail=default,ref-6-3,1,0.7683082818984985,37.2,-8593,100,2,465773
70000,2,whisper-base-es,threads=4;provider=cpu;tail=default,ref-6-3,1,0.7697420716285706,37.2,-857812,100,2,
80000,2,whisper-base-es,threads=4;provider=cpu;tail=default,ref-6-3,1,0.7693707942962646,37.2,7030,100,2,
90000,2,whisper-base-es,threads=4;provider=cpu;tail=default,ref-6-3,1,0.7691828608512878,37.2,-1302,100,2,464301
100001,2,whisper-base-es,threads=4;provider=cpu;tail=default,ref-6-3,1,0.7710768580436707,37.2,-10677,100,2,
110000,2,whisper-base-es,threads=4;provider=cpu;tail=default,ref-6-3,1,0.7741563320159912,37.2,0,100,2,
120000,2,whisper-base-es,threads=4;provider=cpu;tail=default,ref-6-3,1,0.7756826877593994,37.2,-12238,100,2,463305
130000,2,whisper-base-es,threads=4;provider=cpu;tail=default,ref-6-3,1,0.7773497104644775,37.2,261,100,2,
140000,2,whisper-base-es,threads=4;provider=cpu;tail=default,ref-6-3,1,0.7778931856155396,37.2,-260,100,2,
150000,2,whisper-base-es,threads=4;provider=cpu;tail=default,ref-6-3,1,0.7776199579238892,37.2,6771,100,2,464525
160000,2,whisper-base-es,threads=4;provider=cpu;tail=default,ref-6-3,1,0.7803469300270081,37.2,-521,100,2,
170000,2,whisper-base-es,threads=4;provider=cpu;tail=default,ref-6-3,1,0.78336501121521,37.2,-16666,100,2,
180000,2,whisper-base-es,threads=4;provider=cpu;tail=default,ref-6-3,1,0.7849423885345459,37.0,879426,100,2,463585
190001,2,whisper-base-es,threads=4;provider=cpu;tail=default,ref-6-3,1,0.7855636477470398,37.0,931770,100,2,
200001,2,whisper-base-es,threads=4;provider=cpu;tail=default,ref-6-3,1,0.7889556884765625,37.0,871874,100,2,
210000,2,whisper-base-es,threads=4;provider=cpu;tail=default,ref-6-3,1,0.7943490147590637,37.0,905988,100,2,462861
220001,2,whisper-base-es,threads=4;provider=cpu;tail=default,ref-6-3,1,0.7959808111190796,37.0,911458,100,2,
230000,2,whisper-base-es,threads=4;provider=cpu;tail=default,ref-6-3,1,0.7965863347053528,37.0,907291,100,2,
240000,2,whisper-base-es,threads=4;provider=cpu;tail=default,ref-6-3,1,0.7970942258834839,37.0,853124,100,2,462913
250000,2,whisper-base-es,threads=4;provider=cpu;tail=default,ref-6-3,1,0.7986955046653748,37.0,894791,100,2,
260000,2,whisper-base-es,threads=4;provider=cpu;tail=default,ref-6-3,1,0.8002025485038757,37.0,891926,100,2,
270000,2,whisper-base-es,threads=4;provider=cpu;tail=default,ref-6-3,1,0.7997773289680481,37.0,900259,100,2,462693
280000,2,whisper-base-es,threads=4;provider=cpu;tail=default,ref-6-3,1,0.7989826202392578,37.0,-639583,100,2,
290000,2,whisper-base-es,threads=4;provider=cpu;tail=default,ref-6-3,1,0.8066271543502808,37.0,908854,100,2,
300000,2,whisper-base-es,threads=4;provider=cpu;tail=default,ref-6-3,1,0.8137213587760925,37.0,855207,100,2,464645
1,3,whisper-base-es,threads=1;provider=cpu;tail=default,ref-6-3,1,0.7877053618431091,37.0,258333,100,2,283761
10000,3,whisper-base-es,threads=1;provider=cpu;tail=default,ref-6-3,1,0.7883313298225403,37.0,838020,100,2,
20000,3,whisper-base-es,threads=1;provider=cpu;tail=default,ref-6-3,1,0.7883855104446411,37.0,803385,100,2,
30000,3,whisper-base-es,threads=1;provider=cpu;tail=default,ref-6-3,1,0.7827230095863342,37.0,860676,100,2,464109
40000,3,whisper-base-es,threads=1;provider=cpu;tail=default,ref-6-3,1,0.7761220335960388,36.5,15625,100,2,
50000,3,whisper-base-es,threads=1;provider=cpu;tail=default,ref-6-3,1,0.7745511531829834,36.5,815884,100,2,
60000,3,whisper-base-es,threads=1;provider=cpu;tail=default,ref-6-3,1,0.7747946381568909,36.6,795832,100,2,464397
70000,3,whisper-base-es,threads=1;provider=cpu;tail=default,ref-6-3,1,0.7760302424430847,36.6,-108594,100,2,
80000,3,whisper-base-es,threads=1;provider=cpu;tail=default,ref-6-3,1,0.7766571044921875,36.6,866926,100,2,
90000,3,whisper-base-es,threads=1;provider=cpu;tail=default,ref-6-3,1,0.777374267578125,36.6,857031,100,2,464414
100000,3,whisper-base-es,threads=1;provider=cpu;tail=default,ref-6-3,1,0.7785505652427673,36.6,-10937,100,2,
110000,3,whisper-base-es,threads=1;provider=cpu;tail=default,ref-6-3,1,0.7796895503997803,36.6,830989,100,2,
120000,3,whisper-base-es,threads=1;provider=cpu;tail=default,ref-6-3,1,0.7821511626243591,36.6,852863,100,2,463986
130000,3,whisper-base-es,threads=1;provider=cpu;tail=default,ref-6-3,1,0.7841808199882507,36.6,669791,100,2,
140000,3,whisper-base-es,threads=1;provider=cpu;tail=default,ref-6-3,1,0.784057080745697,36.6,864843,100,2,
150000,3,whisper-base-es,threads=1;provider=cpu;tail=default,ref-6-3,1,0.7856042385101318,36.6,877343,100,2,463126
160000,3,whisper-base-es,threads=1;provider=cpu;tail=default,ref-6-3,1,0.7883834838867188,36.6,884635,100,2,
170000,3,whisper-base-es,threads=1;provider=cpu;tail=default,ref-6-3,1,0.790115475654602,36.6,807030,100,2,
180000,3,whisper-base-es,threads=1;provider=cpu;tail=default,ref-6-3,1,0.7903701663017273,36.6,792707,100,2,461924
190000,3,whisper-base-es,threads=1;provider=cpu;tail=default,ref-6-3,1,0.7906821966171265,36.6,866926,100,2,
200000,3,whisper-base-es,threads=1;provider=cpu;tail=default,ref-6-3,1,0.7927299737930298,36.6,850260,100,2,
210000,3,whisper-base-es,threads=1;provider=cpu;tail=default,ref-6-3,1,0.7943788170814514,36.6,882030,100,2,459732
220000,3,whisper-base-es,threads=1;provider=cpu;tail=default,ref-6-3,1,0.7953871488571167,36.6,865104,100,2,
230000,3,whisper-base-es,threads=1;provider=cpu;tail=default,ref-6-3,1,0.7968757748603821,36.6,791666,100,2,
240000,3,whisper-base-es,threads=1;provider=cpu;tail=default,ref-6-3,1,0.7984670996665955,36.6,823176,100,2,466232
250001,3,whisper-base-es,threads=1;provider=cpu;tail=default,ref-6-3,1,0.7997162938117981,36.6,866926,100,2,
260000,3,whisper-base-es,threads=1;provider=cpu;tail=default,ref-6-3,1,0.7993968725204468,36.6,863801,100,2,
270000,3,whisper-base-es,threads=1;provider=cpu;tail=default,ref-6-3,1,0.7987936735153198,36.6,826301,100,2,466512
280000,3,whisper-base-es,threads=1;provider=cpu;tail=default,ref-6-3,1,0.7992145419120789,36.6,-77863,100,2,
290001,3,whisper-base-es,threads=1;provider=cpu;tail=default,ref-6-3,1,0.7999923825263977,36.6,826301,100,2,
300000,3,whisper-base-es,threads=1;provider=cpu;tail=default,ref-6-3,1,0.7995786070823669,36.6,832291,100,2,465006
