round,model,runtime,policy,stream,audioMs,closures,constantWindows,decodeCalls,dropped,dropPct,coveragePct,speechCoveragePct,decodeP50Ms,decodeP95Ms,decodeMaxMs,latencyAvgMs,latencyMaxMs,delivered,wer,cer,rejectedLanguage,rejectedEmpty,rejectedStructure,rejectedHallucination,deliveryDiscarded,stopDrainMs,lateChunks
0,whisper-small-es,threads=4;provider=cpu;tail=default,ref-6-3,stream-es,70100,24,0,17,7,29.166666666666668,98.5545335085414,100.0,2911,4299,4299,2771,4303,15,0.30973451327433627,0.20314735336194564,2,0,0,0,0,307,0
0,whisper-small-es,threads=4;provider=cpu;tail=default,ref-6-3,stream-ca,79883,27,0,18,9,33.333333333333336,97.84507862550961,100.0,2960,4512,4512,3188,4518,15,0.5149253731343284,0.3253467843631778,3,0,0,0,0,319,0
0,whisper-small-es,threads=4;provider=cpu;tail=default,ref-6-3,stream-level-es,34700,12,0,7,5,41.666666666666664,95.82309582309583,100.0,3627,4922,4922,3157,4008,5,0.390625,0.14864864864864866,2,0,0,0,0,361,0
0,whisper-small-es,threads=4;provider=cpu;tail=default,ref-6-3,stream-mixed-es-ca,54103,19,0,12,7,36.8421052631579,99.83361064891847,100.0,3343,4590,4590,3016,4161,9,0.34,0.12006578947368421,3,0,0,0,0,319,0
1,whisper-small-es,threads=4;provider=cpu;tail=default,coalesce-6-3-max12,stream-es,70100,22,0,22,0,0.0,99.2772667542707,100.0,2880,4951,5216,3042,4008,16,0.1592920353982301,0.12732474964234622,2,0,0,0,0,305,0
1,whisper-small-es,threads=4;provider=cpu;tail=default,coalesce-6-3-max12,stream-ca,79883,20,0,20,0,0.0,97.14618520675597,100.0,3799,5709,6536,4240,6544,16,0.7985074626865671,0.6153846153846154,2,0,0,0,0,371,0
1,whisper-small-es,threads=4;provider=cpu;tail=default,coalesce-6-3-max12,stream-level-es,34700,9,0,9,0,0.0,95.45454545454545,100.0,3684,5579,5579,3996,4719,6,0.453125,0.25405405405405407,2,0,0,0,0,340,0
1,whisper-small-es,threads=4;provider=cpu;tail=default,coalesce-6-3-max12,stream-mixed-es-ca,54103,12,0,12,0,0.0,98.83527454242929,100.0,4792,6573,6573,4713,6579,10,0.69,0.48519736842105265,2,0,0,0,0,393,0
2,whisper-small-es,threads=4;provider=cpu;tail=default,coalesce-6-3-max12,stream-es,70100,21,0,21,0,0.0,97.56898817345598,100.0,2902,4401,4645,3093,4408,17,0.19469026548672566,0.1530758226037196,1,0,0,0,0,350,0
2,whisper-small-es,threads=4;provider=cpu;tail=default,coalesce-6-3-max12,stream-ca,79883,20,0,20,0,0.0,97.26266744321491,100.0,3776,5508,5533,4211,5541,16,0.5671641791044776,0.4010088272383354,2,0,0,0,0,407,0
2,whisper-small-es,threads=4;provider=cpu;tail=default,coalesce-6-3-max12,stream-level-es,34700,8,0,8,0,0.0,100.0,100.0,4984,5706,5706,4805,5239,6,0.65625,0.44324324324324327,2,0,0,0,0,409,0
2,whisper-small-es,threads=4;provider=cpu;tail=default,coalesce-6-3-max12,stream-mixed-es-ca,54103,12,0,12,0,0.0,98.66888519134775,100.0,5058,6473,6473,4706,6479,10,0.52,0.33881578947368424,2,0,0,0,0,406,0
3,whisper-small-es,threads=4;provider=cpu;tail=default,ref-6-3,stream-es,70100,24,0,16,8,33.333333333333336,98.5545335085414,100.0,2930,5400,5400,2932,4384,14,0.21238938053097345,0.13447782546494993,2,0,0,0,0,351,0
3,whisper-small-es,threads=4;provider=cpu;tail=default,ref-6-3,stream-ca,79883,27,0,18,9,33.333333333333336,97.84507862550961,100.0,2956,4929,4929,3129,4934,15,0.43283582089552236,0.21815889029003782,3,0,0,0,0,364,0
3,whisper-small-es,threads=4;provider=cpu;tail=default,ref-6-3,stream-level-es,34700,12,0,7,5,41.666666666666664,95.82309582309583,100.0,3657,4716,4716,3235,4234,5,0.390625,0.14864864864864866,2,0,0,0,0,371,0
3,whisper-small-es,threads=4;provider=cpu;tail=default,ref-6-3,stream-mixed-es-ca,54103,19,0,14,5,26.31578947368421,99.83361064891847,100.0,2965,5480,5480,2987,4969,11,0.41,0.16447368421052633,3,0,0,0,0,395,0
