model,threads,provider,tail,conditioning,fixture,kind,language,piece,repetition,audioMs,decodeMs,rejection,detected
whisper-medium-es,1,cpu,0,on,es-fleurs-00,speech,es,0,0,5520,5638,NONE,es
whisper-medium-es,1,cpu,0,on,es-fleurs-00,speech,es,0,1,5520,5621,NONE,es
whisper-medium-es,1,cpu,0,on,es-fleurs-00,speech,es,0,2,5520,5628,NONE,es
whisper-medium-es,1,cpu,0,on,ca-fleurs-00,speech,ca,0,0,6000,9570,NONE,ca
whisper-medium-es,1,cpu,0,on,ca-fleurs-00,speech,ca,0,1,6000,9603,NONE,ca
whisper-medium-es,1,cpu,0,on,ca-fleurs-00,speech,ca,0,2,6000,9590,NONE,ca
whisper-medium-es,1,cpu,0,on,ca-fleurs-00,speech,ca,1,0,1980,4042,LANGUAGE,pl
whisper-medium-es,1,cpu,0,on,ca-fleurs-00,speech,ca,1,1,1980,4148,LANGUAGE,pl
whisper-medium-es,1,cpu,0,on,ca-fleurs-00,speech,ca,1,2,1980,4148,LANGUAGE,pl
whisper-medium-es,1,cpu,0,on,stream-level-es,stream,es,0,0,6000,4188,LANGUAGE,en
whisper-medium-es,1,cpu,0,on,stream-level-es,stream,es,0,1,6000,4277,LANGUAGE,en
whisper-medium-es,1,cpu,0,on,stream-level-es,stream,es,0,2,6000,4237,LANGUAGE,en
whisper-medium-es,1,cpu,0,on,stream-level-es,stream,es,1,0,6000,9357,NONE,es
whisper-medium-es,1,cpu,0,on,stream-level-es,stream,es,1,1,6000,11335,NONE,es
whisper-medium-es,1,cpu,0,on,stream-level-es,stream,es,1,2,6000,10610,NONE,es
whisper-medium-es,1,cpu,0,on,stream-level-es,stream,es,2,0,6000,9031,NONE,es
whisper-medium-es,1,cpu,0,on,stream-level-es,stream,es,2,1,6000,11238,NONE,es
whisper-medium-es,1,cpu,0,on,stream-level-es,stream,es,2,2,6000,11366,NONE,es
whisper-medium-es,1,cpu,0,on,stream-level-es,stream,es,3,0,6000,5185,NONE,es
whisper-medium-es,1,cpu,0,on,stream-level-es,stream,es,3,1,6000,6245,NONE,es
whisper-medium-es,1,cpu,0,on,stream-level-es,stream,es,3,2,6000,6800,NONE,es
whisper-medium-es,1,cpu,0,on,stream-level-es,stream,es,4,0,6000,10687,NONE,es
whisper-medium-es,1,cpu,0,on,stream-level-es,stream,es,4,1,6000,11182,NONE,es
whisper-medium-es,1,cpu,0,on,stream-level-es,stream,es,4,2,6000,11058,NONE,es
whisper-medium-es,1,cpu,0,on,stream-level-es,stream,es,5,0,4700,7672,NONE,es
whisper-medium-es,1,cpu,0,on,stream-level-es,stream,es,5,1,4700,9378,NONE,es
whisper-medium-es,1,cpu,0,on,stream-level-es,stream,es,5,2,4700,8492,NONE,es
whisper-medium-es,2,cpu,0,on,es-fleurs-00,speech,es,0,0,5520,5231,NONE,es
whisper-medium-es,2,cpu,0,on,es-fleurs-00,speech,es,0,1,5520,5332,NONE,es
whisper-medium-es,2,cpu,0,on,es-fleurs-00,speech,es,0,2,5520,5511,NONE,es
whisper-medium-es,2,cpu,0,on,ca-fleurs-00,speech,ca,0,0,6000,10019,NONE,ca
whisper-medium-es,2,cpu,0,on,ca-fleurs-00,speech,ca,0,1,6000,10629,NONE,ca
whisper-medium-es,2,cpu,0,on,ca-fleurs-00,speech,ca,0,2,6000,11980,NONE,ca
whisper-medium-es,2,cpu,0,on,ca-fleurs-00,speech,ca,1,0,1980,5318,LANGUAGE,pl
whisper-medium-es,2,cpu,0,on,ca-fleurs-00,speech,ca,1,1,1980,5285,LANGUAGE,pl
whisper-medium-es,2,cpu,0,on,ca-fleurs-00,speech,ca,1,2,1980,5383,LANGUAGE,pl
whisper-medium-es,2,cpu,0,on,stream-level-es,stream,es,0,0,6000,5446,LANGUAGE,en
whisper-medium-es,2,cpu,0,on,stream-level-es,stream,es,0,1,6000,5547,LANGUAGE,en
whisper-medium-es,2,cpu,0,on,stream-level-es,stream,es,0,2,6000,5623,LANGUAGE,en
whisper-medium-es,2,cpu,0,on,stream-level-es,stream,es,1,0,6000,11135,NONE,es
whisper-medium-es,2,cpu,0,on,stream-level-es,stream,es,1,1,6000,10703,NONE,es
whisper-medium-es,2,cpu,0,on,stream-level-es,stream,es,1,2,6000,13108,NONE,es
whisper-medium-es,2,cpu,0,on,stream-level-es,stream,es,2,0,6000,13827,NONE,es
whisper-medium-es,2,cpu,0,on,stream-level-es,stream,es,2,1,6000,13552,NONE,es
whisper-medium-es,2,cpu,0,on,stream-level-es,stream,es,2,2,6000,11300,NONE,es
whisper-medium-es,2,cpu,0,on,stream-level-es,stream,es,3,0,6000,6301,NONE,es
whisper-medium-es,2,cpu,0,on,stream-level-es,stream,es,3,1,6000,6278,NONE,es
whisper-medium-es,2,cpu,0,on,stream-level-es,stream,es,3,2,6000,6256,NONE,es
whisper-medium-es,2,cpu,0,on,stream-level-es,stream,es,4,0,6000,11397,NONE,es
whisper-medium-es,2,cpu,0,on,stream-level-es,stream,es,4,1,6000,11321,NONE,es
whisper-medium-es,2,cpu,0,on,stream-level-es,stream,es,4,2,6000,11287,NONE,es
whisper-medium-es,2,cpu,0,on,stream-level-es,stream,es,5,0,4700,8547,NONE,es
whisper-medium-es,2,cpu,0,on,stream-level-es,stream,es,5,1,4700,8597,NONE,es
whisper-medium-es,2,cpu,0,on,stream-level-es,stream,es,5,2,4700,8495,NONE,es
whisper-medium-es,4,cpu,0,on,es-fleurs-00,speech,es,0,0,5520,5360,NONE,es
whisper-medium-es,4,cpu,0,on,es-fleurs-00,speech,es,0,1,5520,5445,NONE,es
whisper-medium-es,4,cpu,0,on,es-fleurs-00,speech,es,0,2,5520,5810,NONE,es
whisper-medium-es,4,cpu,0,on,ca-fleurs-00,speech,ca,0,0,6000,11306,NONE,ca
whisper-medium-es,4,cpu,0,on,ca-fleurs-00,speech,ca,0,1,6000,15021,NONE,ca
whisper-medium-es,4,cpu,0,on,ca-fleurs-00,speech,ca,0,2,6000,15649,NONE,ca
whisper-medium-es,4,cpu,0,on,ca-fleurs-00,speech,ca,1,0,1980,5927,LANGUAGE,pl
whisper-medium-es,4,cpu,0,on,ca-fleurs-00,speech,ca,1,1,1980,5775,LANGUAGE,pl
whisper-medium-es,4,cpu,0,on,ca-fleurs-00,speech,ca,1,2,1980,5850,LANGUAGE,pl
whisper-medium-es,4,cpu,0,on,stream-level-es,stream,es,0,0,6000,4738,LANGUAGE,en
whisper-medium-es,4,cpu,0,on,stream-level-es,stream,es,0,1,6000,4739,LANGUAGE,en
whisper-medium-es,4,cpu,0,on,stream-level-es,stream,es,0,2,6000,4710,LANGUAGE,en
whisper-medium-es,4,cpu,0,on,stream-level-es,stream,es,1,0,6000,12262,NONE,es
whisper-medium-es,4,cpu,0,on,stream-level-es,stream,es,1,1,6000,12229,NONE,es
whisper-medium-es,4,cpu,0,on,stream-level-es,stream,es,1,2,6000,12298,NONE,es
whisper-medium-es,4,cpu,0,on,stream-level-es,stream,es,2,0,6000,13370,NONE,es
whisper-medium-es,4,cpu,0,on,stream-level-es,stream,es,2,1,6000,13965,NONE,es
whisper-medium-es,4,cpu,0,on,stream-level-es,stream,es,2,2,6000,14400,NONE,es
whisper-medium-es,4,cpu,0,on,stream-level-es,stream,es,3,0,6000,7127,NONE,es
whisper-medium-es,4,cpu,0,on,stream-level-es,stream,es,3,1,6000,7193,NONE,es
whisper-medium-es,4,cpu,0,on,stream-level-es,stream,es,3,2,6000,7619,NONE,es
whisper-medium-es,4,cpu,0,on,stream-level-es,stream,es,4,0,6000,13986,NONE,es
whisper-medium-es,4,cpu,0,on,stream-level-es,stream,es,4,1,6000,14816,NONE,es
whisper-medium-es,4,cpu,0,on,stream-level-es,stream,es,4,2,6000,14883,NONE,es
whisper-medium-es,4,cpu,0,on,stream-level-es,stream,es,5,0,4700,11361,NONE,es
whisper-medium-es,4,cpu,0,on,stream-level-es,stream,es,5,1,4700,11114,NONE,es
whisper-medium-es,4,cpu,0,on,stream-level-es,stream,es,5,2,4700,10449,NONE,es
whisper-medium-es,6,cpu,0,on,es-fleurs-00,speech,es,0,0,5520,7578,NONE,es
whisper-medium-es,6,cpu,0,on,es-fleurs-00,speech,es,0,1,5520,7683,NONE,es
whisper-medium-es,6,cpu,0,on,es-fleurs-00,speech,es,0,2,5520,7860,NONE,es
whisper-medium-es,6,cpu,0,on,ca-fleurs-00,speech,ca,0,0,6000,16052,NONE,ca
whisper-medium-es,6,cpu,0,on,ca-fleurs-00,speech,ca,0,1,6000,17770,NONE,ca
whisper-medium-es,6,cpu,0,on,ca-fleurs-00,speech,ca,0,2,6000,21566,NONE,ca
whisper-medium-es,6,cpu,0,on,ca-fleurs-00,speech,ca,1,0,1980,7588,LANGUAGE,pl
whisper-medium-es,6,cpu,0,on,ca-fleurs-00,speech,ca,1,1,1980,8863,LANGUAGE,pl
whisper-medium-es,6,cpu,0,on,ca-fleurs-00,speech,ca,1,2,1980,7677,LANGUAGE,pl
whisper-medium-es,6,cpu,0,on,stream-level-es,stream,es,0,0,6000,7885,LANGUAGE,en
whisper-medium-es,6,cpu,0,on,stream-level-es,stream,es,0,1,6000,6799,LANGUAGE,en
whisper-medium-es,6,cpu,0,on,stream-level-es,stream,es,0,2,6000,7580,LANGUAGE,en
whisper-medium-es,6,cpu,0,on,stream-level-es,stream,es,1,0,6000,16230,NONE,es
whisper-medium-es,6,cpu,0,on,stream-level-es,stream,es,1,1,6000,17000,NONE,es
whisper-medium-es,6,cpu,0,on,stream-level-es,stream,es,1,2,6000,17395,NONE,es
whisper-medium-es,6,cpu,0,on,stream-level-es,stream,es,2,0,6000,17611,NONE,es
whisper-medium-es,6,cpu,0,on,stream-level-es,stream,es,2,1,6000,16804,NONE,es
whisper-medium-es,6,cpu,0,on,stream-level-es,stream,es,2,2,6000,17140,NONE,es
whisper-medium-es,6,cpu,0,on,stream-level-es,stream,es,3,0,6000,9376,NONE,es
whisper-medium-es,6,cpu,0,on,stream-level-es,stream,es,3,1,6000,8048,NONE,es
whisper-medium-es,6,cpu,0,on,stream-level-es,stream,es,3,2,6000,8286,NONE,es
whisper-medium-es,6,cpu,0,on,stream-level-es,stream,es,4,0,6000,17843,NONE,es
whisper-medium-es,6,cpu,0,on,stream-level-es,stream,es,4,1,6000,16515,NONE,es
whisper-medium-es,6,cpu,0,on,stream-level-es,stream,es,4,2,6000,16977,NONE,es
whisper-medium-es,6,cpu,0,on,stream-level-es,stream,es,5,0,4700,13925,NONE,es
whisper-medium-es,6,cpu,0,on,stream-level-es,stream,es,5,1,4700,12642,NONE,es
whisper-medium-es,6,cpu,0,on,stream-level-es,stream,es,5,2,4700,12619,NONE,es
