stage,run_id,model,threads,provider,language,conditioning,padding,policy,fixtures,repeat,warmup,cooldown_s,block_min,status,verify_ms,cold_load_ms,warmup_ms,p50_ms,p95_ms,max_ms,rtf,delivery_avg_ms,delivery_max_ms,attempts,decode_errors,dropped,rejected_language,rejected_empty,rejected_structure,rejected_hallucination,coverage_pct,speech_coverage_pct,delivered,wer_es,cer_es,wer_ca,cer_ca,false_words_silence_noise,null_reason
pilot,medium-pilot,whisper-medium-es,1,cpu,auto,on,default,ref-6-3,es-fleurs-00;ca-fleurs-00;stream-level-es,3,1,30,,done,597,3929,5925,8492,11335,11366,1.455,,,,,,,,,,,,,0.1111,0.0233,0.0526,0.0744,,
pilot,medium-pilot,whisper-medium-es,2,cpu,auto,on,default,ref-6-3,es-fleurs-00;ca-fleurs-00;stream-level-es,3,1,30,,done,986,4369,5522,8547,13552,13827,1.614,,,,,,,,,,,,,0.1111,0.0233,0.0526,0.0744,,
pilot,medium-pilot,whisper-medium-es,4,cpu,auto,on,default,ref-6-3,es-fleurs-00;ca-fleurs-00;stream-level-es,3,1,30,,done,1401,6218,5512,11114,15021,15649,1.849,,,,,,,,,,,,,0.1111,0.0233,0.0526,0.0744,,
pilot,medium-pilot,whisper-medium-es,6,cpu,auto,on,default,ref-6-3,es-fleurs-00;ca-fleurs-00;stream-level-es,3,1,30,,done,1780,9066,6219,12642,17843,21566,2.374,,,,,,,,,,,,,0.1111,0.0233,0.0526,0.0744,,
baseline,medium-baseline-corpus,whisper-medium-es,4,cpu,auto,on,default,ref-6-3,all-24,3,2,120,,done,1511,5895,4311;4357,10392,17313,19389,1.95,,,,,,16,,,,,,,0.1412,0.0847,0.2059,0.1143,0,llamada del usuario ~19:01-19:06 durante el run; no aislable
realtime-abba-round0,medium-realtime-abba,whisper-medium-es,4,cpu,auto,on,default,ref-6-3,stream-es,,,120,,done,,,,6528,15951,15951,,7471,15957,24,0,15,1,0,0,0,71.0,77.8,8,0.2566,,,,,
realtime-abba-round0,medium-realtime-abba,whisper-medium-es,4,cpu,auto,on,default,ref-6-3,stream-ca,,,120,,done,,,,12200,15631,15631,,13464,15635,27,0,21,1,0,0,0,41.9,43.9,5,0.5448,,,,,
realtime-abba-round0,medium-realtime-abba,whisper-medium-es,4,cpu,auto,on,default,ref-6-3,stream-level-es,,,120,,done,,,,5283,11703,11703,,9238,11706,12,0,8,1,0,0,0,59.0,65.3,3,0.5469,,,,,
realtime-abba-round0,medium-realtime-abba,whisper-medium-es,4,cpu,auto,on,default,ref-6-3,stream-mixed-es-ca,,,120,,done,,,,11560,14905,14905,,13200,14910,19,0,14,1,0,0,0,49.9,52.9,4,0.56,,,,,
realtime-abba-round1,medium-realtime-abba,whisper-medium-es,1,cpu,auto,on,default,ref-6-3,stream-es,,,120,,done,,,,8996,13816,13816,,9781,13826,24,0,17,1,0,0,0,55.2,59.0,6,0.3628,,,,,
realtime-abba-round1,medium-realtime-abba,whisper-medium-es,1,cpu,auto,on,default,ref-6-3,stream-ca,,,120,,done,,,,9441,15109,15109,,10755,15115,27,0,20,2,0,0,0,48.9,49.6,5,0.6493,,,,,
realtime-abba-round1,medium-realtime-abba,whisper-medium-es,1,cpu,auto,on,default,ref-6-3,stream-level-es,,,120,,done,,,,14390,16235,16235,,15318,16240,12,0,9,1,0,0,0,44.2,46.2,2,0.5781,,,,,
realtime-abba-round1,medium-realtime-abba,whisper-medium-es,1,cpu,auto,on,default,ref-6-3,stream-mixed-es-ca,,,120,,done,,,,7308,16297,16297,,12470,16301,19,0,14,2,0,0,0,49.9,43.8,3,0.71,,,,,
realtime-abba-round2,medium-realtime-abba,whisper-medium-es,1,cpu,auto,on,default,ref-6-3,stream-es,,,120,,done,,,,7013,12830,12830,,7947,12832,24,0,15,1,0,0,0,71.0,75.4,8,0.3451,,,,,
realtime-abba-round2,medium-realtime-abba,whisper-medium-es,1,cpu,auto,on,default,ref-6-3,stream-ca,,,120,,done,,,,9165,14372,14372,,10410,14386,27,0,20,1,0,0,0,48.9,49.5,6,0.597,,,,,
realtime-abba-round2,medium-realtime-abba,whisper-medium-es,1,cpu,auto,on,default,ref-6-3,stream-level-es,,,120,,done,,,,13840,15409,15409,,14627,15412,12,0,9,1,0,0,0,44.2,46.2,2,0.5781,,,,,
realtime-abba-round2,medium-realtime-abba,whisper-medium-es,1,cpu,auto,on,default,ref-6-3,stream-mixed-es-ca,,,120,,done,,,,9537,13781,13781,,10384,13794,19,0,14,1,0,0,0,49.9,51.5,4,0.48,,,,,
realtime-abba-round3,medium-realtime-abba,whisper-medium-es,4,cpu,auto,on,default,ref-6-3,stream-es,,,120,,done,,,,6128,14749,14749,,6915,14753,24,0,15,1,0,0,0,71.0,77.8,8,0.2566,,,,,
realtime-abba-round3,medium-realtime-abba,whisper-medium-es,4,cpu,auto,on,default,ref-6-3,stream-ca,,,120,,done,,,,11667,14858,14858,,11539,14861,27,0,20,1,0,0,0,48.9,49.6,6,0.5448,,,,,
realtime-abba-round3,medium-realtime-abba,whisper-medium-es,4,cpu,auto,on,default,ref-6-3,stream-level-es,,,120,,done,,,,5271,11777,11777,,8717,11780,12,0,8,1,0,0,0,59.0,65.3,3,0.5469,,,,,
realtime-abba-round3,medium-realtime-abba,whisper-medium-es,4,cpu,auto,on,default,ref-6-3,stream-mixed-es-ca,,,120,,done,,,,11032,14478,14478,,12605,14482,19,0,14,1,0,0,0,49.9,52.9,4,0.56,,,,,
sustained-abba-round0,medium-sustained-abba,whisper-medium-es,4,cpu,auto,on,default,ref-6-3,sustained-5min,,,120,5,done,,,,8159,15073,16384,,9459,16388,101,0,72,3,0,0,0,56.9,57.3,26,,,,,,WER no válido en bucle sostenido
sustained-abba-round1,medium-sustained-abba,whisper-medium-es,1,cpu,auto,on,default,ref-6-3,sustained-5min,,,120,5,done,,,,11174,18763,20468,,11987,20472,101,0,78,1,0,0,0,45.1,47.6,22,,,,,,WER no válido en bucle sostenido
sustained-abba-round2,medium-sustained-abba,whisper-medium-es,1,cpu,auto,on,default,ref-6-3,sustained-5min,,,120,5,done,,,,11263,19594,21070,,12307,21073,101,0,78,2,0,0,0,45.1,46.2,21,,,,,,WER no válido en bucle sostenido
sustained-abba-round3,medium-sustained-abba,whisper-medium-es,4,cpu,auto,on,default,ref-6-3,sustained-5min,,,120,5,done,,,,7469,15221,16726,,9221,16730,101,0,71,3,0,0,0,57.8,58.2,27,,,,,,WER no válido en bucle sostenido
